title, summary, date
Coronavirus: Children 'half as likely to catch it',The findings will feed into the debate around the safety of re-opening schools.,2020-05-22T11:28:55.000Z
UK arrivals could be fined for breaking quarantine,Travellers to the UK must self-isolate for 14 days from next month; the government is expected to announce.,2020-05-22T12:50:11.000Z
Pakistan passenger plane crashes in Karachi,A PIA jet crashes in a residential area on a flight from Lahore; with around 100 people on board.,2020-05-22T12:24:20.000Z
Paphitis: ‘Retail will never, ever be the same again’,Entrepreneur and ex-Dragons' Den star Theo Paphitis talks to the BBC about how coronavirus has hit retail.,PT2M44S
Immune clue sparks treatment hope,Better understanding of Covid-19's impact on the immune system gives hope an existing drug might aid recovery.,2020-05-22T04:55:01.000Z
Coronavirus: Children 'half as likely to catch it',The findings will feed into the debate around the safety of re-opening schools.,2020-05-22T11:28:55.000Z
UK arrivals could be fined for breaking quarantine,Travellers to the UK must self-isolate for 14 days from next month; the government is expected to announce.,2020-05-22T12:50:11.000Z
Pakistan passenger plane crashes in Karachi,A PIA jet crashes in a residential area on a flight from Lahore; with around 100 people on board.,2020-05-22T12:24:20.000Z
Paphitis: ‘Retail will never, ever be the same again’,Entrepreneur and ex-Dragons' Den star Theo Paphitis talks to the BBC about how coronavirus has hit retail.,PT2M44S
Coronavirus: Children 'half as likely to catch it',The findings will feed into the debate around the safety of re-opening schools.,2020-05-22T11:28:55.000Z
UK arrivals could be fined for breaking quarantine,Travellers to the UK must self-isolate for 14 days from next month; the government is expected to announce.,2020-05-22T12:50:11.000Z
Pakistan passenger plane crashes in Karachi,A PIA jet crashes in a residential area on a flight from Lahore; with around 100 people on board.,2020-05-22T12:24:20.000Z
Paphitis: ‘Retail will never, ever be the same again’,Entrepreneur and ex-Dragons' Den star Theo Paphitis talks to the BBC about how coronavirus has hit retail.,PT2M44S
Immune clue sparks treatment hope,Better understanding of Covid-19's impact on the immune system gives hope an existing drug might aid recovery.,2020-05-22T04:55:01.000Z
Coronavirus: Children 'half as likely to catch it',The findings will feed into the debate around the safety of re-opening schools.,2020-05-22T11:28:55.000Z
UK arrivals could be fined for breaking quarantine,Travellers to the UK must self-isolate for 14 days from next month; the government is expected to announce.,2020-05-22T12:50:11.000Z
Pakistan passenger plane crashes in Karachi,A PIA jet crashes in a residential area on a flight from Lahore; with around 100 people on board.,2020-05-22T12:24:20.000Z
Paphitis: ‘Retail will never, ever be the same again’,Entrepreneur and ex-Dragons' Den star Theo Paphitis talks to the BBC about how coronavirus has hit retail.,PT2M44S
Immune clue sparks treatment hope,Better understanding of Covid-19's impact on the immune system gives hope an existing drug might aid recovery.,2020-05-22T04:55:01.000Z
Cocaine and money seized during lockdown checks,It has been easier to catch criminals during the coronavirus pandemic; senior officers say.,2020-05-21T23:06:48.000Z
Coronavirus: Children 'half as likely to catch it',The findings will feed into the debate around the safety of re-opening schools.,2020-05-22T11:28:55.000Z
UK arrivals could be fined for breaking quarantine,Travellers to the UK must self-isolate for 14 days from next month; the government is expected to announce.,2020-05-22T12:50:11.000Z
Pakistan passenger plane crashes in Karachi,A PIA jet crashes in a residential area on a flight from Lahore; with around 100 people on board.,2020-05-22T12:24:20.000Z
How safe are takeaways and supermarket deliveries?,N/A,N/A
Will coronavirus mean I have to pay more tax?,N/A,N/A
How many confirmed cases are there in your area?,N/A,N/A
How a rapper's social media posts got the FBI's attention,N/A,N/A
'When he didn't call, I knew he was dead',N/A,N/A
The Uber driver evicted from home and left to die of coronavirus,N/A,N/A
‘I’m very aware of my body changing in lockdown’,N/A,N/A
How to keep your screen time healthy,N/A,N/A
'Can games be as fun to watch as they are to play?',N/A,N/A
